id,name,link,ingredients,allergensraw,allergensmapped
1,Raw kimchi,https://world.openfoodfacts.org/product/5010292961182,"chinese leaf cabbage, carrots, spring onion, sea salt, chilli powder, ginger, garlic",empty,
2,Petits Pois & Carottes,https://world.openfoodfacts.org/product/3083680482042,"vegetables peas , carrots , water, sugar, pearl onions , salt, natural flavourings",empty,
3,Organix carrot cake oats bars,https://world.openfoodfacts.org/product/5024121100499,"wholegrain oats , raisins contains sunflower oil , sunflower oil , carrot juice concentrate , agave fibre inulin , apple juice concentrate , cinnamon powder , orange oil lt,, total ",empty,
4,Carrot Cake Soft Oaty Bars,https://world.openfoodfacts.org/product/4088600042411,"organic oat flakes , organic raisin paste  organic raisins, organic sunflower oil, organic sunflower oil, organic carrot juice concentrate , organic apple juice concentrate, organic ground cinnamon",empty,
5,Carrot & butter bean,https://world.openfoodfacts.org/product/5012427141209,"water, carrots , butter beans , tomatoes onions, rapeseed oil, modified maize starch, cornflour, salt, yeast entrat parsley, sugar, ground fennel, white pepper quot,per can aim for at least  different portions of fruit or vega day f you have any comments or require more information, please contec barters food group, fochabers, scotland, iv ld ter    or please visit us at wwwbaxterscom",empty,
6,Organic Sweetcorn + Carrot Melty Sticks 7 Months,https://world.openfoodfacts.org/product/5060107339811,"organic maize flour , organic sunflower oil , organic dried sweetcorn , organic dried carrots , organic rice flour , organic dried leeks lt,, thiamin vitamin b lt,",empty,
7,Melty Carrot Puffs 7+ Months,https://world.openfoodfacts.org/product/5024121885303,"corn , carrot powder , sunflower oil , thiamin vitamin b lt,",empty,
8,Carrot & Coriander,https://world.openfoodfacts.org/product/5050179965940,"carrot , water, onion, rapeseed oil, cornflour, concentrated orange juice, coriander, salt, coriander powder, white pepper",empty,
9,Palitos de zanahoria,https://world.openfoodfacts.org/product/8422904015553,"carrot, antioxidant ascorbic acid",empty,
10,Petits Pois & Jeunes Carottes Extra Fins,https://world.openfoodfacts.org/product/3564700004784,"legumes en proportion variable jeunes carottes, petits pois extrafins, eau, sucre, sel, arome naturel",empty,
11,Carrots & Peas,https://world.openfoodfacts.org/product/20126841,"water, peas, carrots, sugar, salt,",empty,
12,Zanahoria,https://world.openfoodfacts.org/product/8480000167521,"carrot, wine vinegar, sugar, salt,",empty,
13,Tesco Carrot & Houmous,https://world.openfoodfacts.org/product/5057753900335,"carrot , cooked chickpeas  chickpeas, water, water, tahini sesame seed paste, rapeseed oil, lemon juice from concentrate garlic puree salt",empty,
14,Petits pois Carottes HVE Bien cultives d'aucy 250g,https://world.openfoodfacts.org/product/3017800503409,"legumes en proportion variable petits pois, carottes, eau, sucre, sel legumes issu dune exploitation beneficiant de la certification haute valeur environnementale ces petits pois et carottes sont cultives en france",empty,
15,Revitalise Clementine Carrot and Ginger,https://world.openfoodfacts.org/product/4061459979176,"apple juice , clementine juice , banana puree, carrot puree, peach puree, lemon juice, ginger puree, flaxseed flour, niacin, vitami vitamin b, riboflavin, thiamin, safflower extract",empty,
16,Multivitamin Fruit & Carrot Juice,https://world.openfoodfacts.org/product/20008086,"jus de pomme a base de concentre, jus dorange a base de concentre,  jus de carotte a base de concentre, jus dananas a base de concentre, puree de banane, puree de nectarine a base de concentre, jus de fruit de la passion a base de concentre, puree de goyave, jus de citron a base de concentre, puree de mangue, puree dabricot, puree dumbu, vitamine c, nicotinamide niacine, acide pantothenique, vitamine b, vitamine b thiamine, acide folique",empty,
17,Carottes extra-fines,https://world.openfoodfacts.org/product/3250390005735,"carottes extra fines, eau, sucre, sel",empty,
18,Cranberries,https://world.openfoodfacts.org/product/20150907,m ocean spray cranberries  ge   are characterized by experience,empty,
19,"Linwoods cold milled flaxseed, sunflower, pumpkin & chia seeds & goji berries",https://world.openfoodfacts.org/product/5016887003060," organic flaxseed,  organic sunflower seeds,  organic pumpkin seeds,  organic chia salvia hispanica seeds,  organic sundried goji berries, waxy maize starch allergy advice may contain sesame seeds, mustard, nuts and soya suitable for vegetarian, vegan and gluten free diets",empty,
20,"Flaxseed, Sunflower, Pumpkin & Chia Seeds & Goji Berries",https://world.openfoodfacts.org/product/5016887004999," organic flaxseed,  organic sunflower seeds,  organic pumpkin seeds,  organic chia salvia hispanica seeds,  organic sundried goji berries, waxy maize starch allergy advice may also contain sesame seeds, nuts and soya suitable for vegetarian, vegan and gluten free diets",empty,
21,Marmelade - Fruchtaufstrich Erdbeere,https://world.openfoodfacts.org/product/20270261," strawberries, sugar, lemon juice concentrate, gelling agent pectins",empty,
22,Strawberry Jam classic recipe,https://world.openfoodfacts.org/product/5000119002501,"sugar, strawberry strawberry puree, citric acid, geling agent pectin, acidity regulator trisodium citrate prepared with g of fruit per e total sugar content g per g suitable for vegans nutrition as sold per one tablespoon typical values ",empty,
23,Mix frutos rojos vermelhos,https://world.openfoodfacts.org/product/8480000610898,"fresas , moras , grosellas negras , grosellas rojas , frambuesas , arandanos silvestres ",empty,
24,Whitworth whole cranberries,https://world.openfoodfacts.org/product/5000234054485,"cranberries, sugar, sunflower oil",empty,
25,Berries and Cherries Jam,https://world.openfoodfacts.org/product/3045320094145,"frruits strawberries  , cherries  , redcurrants  , raspberries  , sugar, cane sugar, concentrated lemon juice, frut pectin",empty,
26,r's our to with 7964475 GIANT 08.25,https://world.openfoodfacts.org/product/00360067,d arts er its of our on to k with ance ,empty,
27,Haribo Berries,https://world.openfoodfacts.org/product/3103220040072,"sugar, glucose syrup, water, gelatin, gelling agent agaragar, acidifier citric acid, colouring vegetable charcoal, elderberry extract, flavouring, fruit and plant concentrates blackcurrant, elderberry, aronia, grapes, coating agents white and yellow beeswax, carnauba wax",empty,
28,Berries & Cherries Granola,https://world.openfoodfacts.org/product/00253444,"oat flakes, sugar, palm oil, cranberry concentrate , honey , coconut, freeze dried fruits  blackcurrants, blueberries, raspberries, pumpkin seeds , golden linseed, sunflower seeds",empty,
29,Perfectly imperfect Mixed berries,https://world.openfoodfacts.org/product/5057373184818,"strawberry, redcurrant, blackberry, blackcurrant",empty,
30,Tilda Steamed Brown Basmati Rice,https://world.openfoodfacts.org/product/5011157888132,"natural basmati rice  cooked , rice bran oil, salt",empty,
31,Pure Basmati Rice,https://world.openfoodfacts.org/product/5011157888101,"basmati rice , rice bran oil",empty,
32,Wholegrain Basmati & Wild Rice,https://world.openfoodfacts.org/product/5011157992662,"natural wholegrain basmati rice steamed , natural wild rice steamed , rice bran oil, acacia fibre",empty,
33,Rice Basmati,https://world.openfoodfacts.org/product/3038359007217,"long grain basmati rice,",empty,
34,Tast of - Basmati Microwave Rice,https://world.openfoodfacts.org/product/20142360," cooked basmati rice water, basmati rice, vegetable oil sunflower oil or rapeseed oil,",empty,
35,Basmati rice,https://world.openfoodfacts.org/product/4088600157924,"water, basmati rice, sunflower oil",empty,
36,Sainsburys Basmati Rice,https://world.openfoodfacts.org/product/01793697,"cooked parboiled basmati rice , vegetable oil sunflower oil, rapeseed oil, salt",empty,
37,Lime & Coriander Basmati Rice,https://world.openfoodfacts.org/product/5011157888163,"natural basmati rice  steamed , coconut cream , sunflower oil, coriander , sugar, kaffir lime peel, leaf , salt, natural flavourings",empty,
38,Wholegrain Basmati & Quinoa Rice,https://world.openfoodfacts.org/product/5011157120706,"natural brown basmati rice  steamed , natural yellow and red quinoa  steamed , sunflower oil, vegetable stock powder rice flour, salt, onions, parsnips, carrots, olive oil, turmeric, parsley, salt handling",empty,
39,Basmati,https://world.openfoodfacts.org/product/5010034013681,"steamed basmati rice , sunflower oil",empty,
40,Aromatic & fluffy basmati rice 250g pack,https://world.openfoodfacts.org/product/5000358218312,"cooked basmati rice  water, basmati rice sunflower oil",empty,
41,Tilda Coconut Basmati Rice,https://world.openfoodfacts.org/product/5011157888316,"natural basmati rice  steamed , coconut cream  desiccated coconut , sunflower oil, lime leaf",empty,
42,Basmati Rice,https://world.openfoodfacts.org/product/5016805010156,"steamed basmati rice , sunflower oil, acidity regulator glucono delta lactone",empty,
43,Spicy mexican basmati rice,https://world.openfoodfacts.org/product/5011157888187,"natural basmati ricesteamed , tomatoes, pinto beans , onions, sunflower oil, tomato paste, smoked papika , salt, jalapeno chilli , coriander, sugar, oregano, pepper sauce, cumin natural colour paprika extract, natural flavouring lime peel",empty,
44,Brown Basmati Rice,https://world.openfoodfacts.org/product/01796124,"cooked parboiled brown basmati rice  sunflower oil, salt",empty,
45,Caribbean Rice & Peas Basmati Rice,https://world.openfoodfacts.org/product/5011157994352,"natural basmati rice  steamed , kidney beans , coconut cream , onions, red peppers capsicum , sunflower oil, red chilli , jalapeno chilli , garli thyme, salt, pimento",empty,
46,Brown basmati,https://world.openfoodfacts.org/product/4056489240846," cooked brown basmati rice water, brown basmati rice,  cooked red quinoa water, red quinoa,  pumpkin seeds,  sunflower seeds, vegetable oil sunflower oil or rapeseed oil, vegetable bouillon salt, yeast extract, dextrose, potato starch, onion extract, dried carrot, dried parsley, colour curcumin, herb extracts marjoram extract, thyme extract, sage extract, pepper extract,",empty,
47,Lemon & Herb Basmati Rice,https://world.openfoodfacts.org/product/5011157888323,"natural basmati rice  steamed , sunflower oil, lemon juice , lemon zest , salt, basil , parsley , natural flavourings number of uses",empty,
48,Tesco Finest Chicken and Chestnut Mushroom With Basmati Rice,https://world.openfoodfacts.org/product/5057967462919,"in bold caution although every care has been taken to reove bones, some may remain recycling after purchase cleanlid on pot tions  of a pot g kj",empty,
49,Peri Peri Basmati Rice,https://world.openfoodfacts.org/product/5011157995427,"natural basmati ricesteamed , onions, red peppers , green peppers , sunflower c tomato paste , white wine vinegar, peri peri sauce  water, vinegar, rapeseed oil, birds eye chilli powder lt,, salt, cornflour, onion powder, lemon juice, lt,, paprika, red chill , lemon zest , vegetable stock powder rice flour, salt, onions, parsnips, carrots, olive oil, turmeric, parsley, garlic ,, smoked paprika , salt, oregano , parsley, turmeric  queeze ouch cm tear strip b mins e inspiration   serve  enjoy microwave w stir fry for  mins ke care when handling the heated pouch microwave ovens may vary just cooking time accordingly best served hot but can be consumed cold reference intake of an average adult",empty,
50,Basmati micro rice,https://world.openfoodfacts.org/product/5054781024828,"cooked basmati rice  water, basmati rice, sunflower oil, salt",empty,
51,Spanish Potato And Onion Omelette,https://world.openfoodfacts.org/product/5052319376135,"potato , egg, onion , sunflower oil, salt, olive oil, acidity regulator citric acid",eggs,egg
52,spanish spinach omelette,https://world.openfoodfacts.org/product/5010292956744,"potatoes , pasteurised free range egg  free range egg, salt and aicidity regulator citric acid, fried onion  onion, olive oil and salt, sunflower olive and olive oil  allergy advice for allergens see ingredients in bold",eggs,egg
53,Riz a la cantonaise,https://world.openfoodfacts.org/product/3248833087967,"riz thai cuit  eau, riz, eau, omelette , œufs entiers, eau, huile de colza, farine de mais, sel, poivre, curcuma, paprika, jus de citron, jambon superieur fume , jambon de porc, eau, sel, sirop de glucose, aromes naturels, bouillon de legumes, ferments, petits pois ,, carottes ,, oignons prefrits dont huile de tournesol, fond de volaille jus et graisse de volaille  poulet, dinde, canard, oie, carottes, sel, aromates, huile de colza, sel, extrait de langoustines, gingembre ,, huile de sesame grille","celery, crustaceans, eggs, milk, sesame seeds","milk, egg, shellfish, sesame"
54,Spanish Potato Tortilla Omelette,https://world.openfoodfacts.org/product/5010292956768,"potatoes , pasteurised free range egg  free range egg and salt, fried onion  onion, olive oil and salt,",eggs,egg
55,Spanish potato omelette,https://world.openfoodfacts.org/product/5010292956720,"potatoes , pasteurised free range egg  free range egg and salt, fried onion  onion, olive oil and salt, sunflower oil and olive oil ",eggs,egg
56,Tortilla aux oignons,https://world.openfoodfacts.org/product/20879709," potatoes, egg,  cooked onions  onion, olive oil, salt, lemon juice, sunflower oil, olive oil, salt, from freerange hens,",eggs,egg
57,Tortilla oignon,https://world.openfoodfacts.org/product/3564700695951,"pommes de terre   , œufs pasteurises   œufs, sel, acidifiant  acide citrique , oignons frits   oignons, huile dolive, sel , huile de tournesol , huile d olive vierge",eggs,egg
58,potato and onion tortilla,https://world.openfoodfacts.org/product/4061464451490,"potato, pasteurised egg, onion, sunflower oil, olive oil , salt",eggs,egg
59,Roasted red pepper and vegetable tortilla,https://world.openfoodfacts.org/product/29343997,potatoes  pasteurised egg  roasted red peppers  courgette  sunflower oil ge onions  spinach  salt olive oil  acidity regulator citric acid for allergens see ingredients in bold suitable for vegetarians,eggs,egg
60,Tortilla aux Epinards,https://world.openfoodfacts.org/product/20645397,"  cooked potatoes potatoes, sunflower oil   pasteurized egg,   spinach, olive oil, salt, from hens raised on the ground,",eggs,egg
61,Spanish Omelette with Red & Green Peppers,https://world.openfoodfacts.org/product/20645403," potatoes,  pasteurized eggs  eggs , salt,  red peppers,  green peppers, sunflower oil, grilled onions onions, olive oil, lemon juice, olive oil,",eggs,egg
62,Spanish Red Pepper Omelette,https://world.openfoodfacts.org/product/5010292956782,"potatoes , pasteurised free range egg  free range egg and salt, roasted red pepper  pepper, acidity regulator citric acid and salt, sunflower oil and olive oil ",eggs,egg
63,Tortilla Espanola aux Oignons 500g,https://world.openfoodfacts.org/product/8420056041017,"pommes de terre frites  pomme de terre et huile de tournesol, ceuf liquide pasteurise , oignon frite  oignon, huile dolive vierge et se, huile dolive,sel quot,cuf de poules elevees au sol valeurs nutri moyennes po",eggs,egg
64,Riz cantonais,https://world.openfoodfacts.org/product/3270190202769,"riz thai cuit , eau, riz thai, jambon cuit superieur  jambon de porc, sel, bouillon deshydrate viande de porc et os de porc, aromes naturels contient naturellement des polyphenols, antioxydant  acide ascorbique, petit pois ,, omelette brouillee , œuf entier, eau, farine de mais, sel, jus de citron concentre, carotte ,, oignon prefrit ,oignon ,, huile de tournesol, sauce de poisson nuocmam anchois, sel, eau, huile de colza, ail en poudre, epices coriandre, fenouil, anis, cannelle, poivre noir, clou de girofle en poudre viande de porc origine france peut contenir des traces de cereales contenant du gluten, celeri, moutarde et graines de sesame","eggs, fish","egg, fish"
65,Tortilla de pomme de terre aux oignons 500g,https://world.openfoodfacts.org/product/3256227769467,"pommes de terre , oeufs liquides pasteurises issus de poules elevees en plein air , oignons , huile de tournesol, huile dolive, sel origines pommes de terre europe etou asie etou afrique, oeufs europe, oignons espagne selon les approvisionnements",eggs,egg
66,Riz A la cantonaise,https://world.openfoodfacts.org/product/3560071191467,"cooked parboiled long grain rice  water, rice , omelette  whole egg , water, corn flour, salt, lemon juice concentrate, pepper, superior cooked ham  pork ham, salt, natural flavors, pork meat and bone broth, peas , sunflower oil, soy sauce water, soybean, wheat, salt, natural flavor, dehydrated onion powder, salt, dehydrated garlic powder, stabilizer guar gum,","eggs, gluten, soybeans","egg, wheat, soy"
67,Tortilla de pommes de terres et oignons,https://world.openfoodfacts.org/product/3596710529568,"pommes de terre frites  pommes de terre, huile de tournesol, œufs pasteurises issus de poules elevees en plein air , oignons frits  oignons, huile dolive vierge, sel, huile dolive, sel pourcentages exprimes sur le total de la recette",eggs,egg
68,Potato And Onion Tortilla,https://world.openfoodfacts.org/product/5052514017093,"fried potato  potato, sunflower oil, pasteurised free range liquid egg egg, salt, fried onion  onion, virgin olive oil, salt, olive oil, salt",eggs,egg
69,Riz cantonais IDS 1kg,https://world.openfoodfacts.org/product/3250390037477,"riz basmati cuit , eau, riz basmati, eau, omelette , œufs entiers, eau, huile de colza, amidon de pommes de terre, sel, jus de citron concentre, jambon cuit superieur fume , jambon de porc origine  france, eau, sel, sirop de glucose, aromes naturels, bouillon de legumes blette, carotte, ferments, carottes ,, petits pois ,, oignons prefrits , oignons, huile de tournesol, sauce poisson poissons, sel, sucre, aromes naturels, farine de ble, gingembre, ail deshydrate, sel pourcentages exprimes sur le poids net total","eggs, fish, gluten","egg, wheat, fish"
70,tortilla nature,https://world.openfoodfacts.org/product/3564700695913,"pommes de terre   , œufs pasteurises   œufs, sel, acidifiant  acide citrique , huile de tournesol , huile dolive vierge",eggs,egg
71,crab meat,https://world.openfoodfacts.org/product/5011826120105,"crab meat crustacean, water, sugar, salt, flavour enhancers stabilisers polyphosphates and diphosphates, acidity regulator citric glycine and its sodium salt, disodium guanylate and disodium inosinate, acid, preservative sodium metabisulphite",crustaceans,shellfish
72,Kickin Crab Rangoon,https://world.openfoodfacts.org/product/0016000106109,"bleached wheat flour, niacin vitamin b, iron, thiamine mononitrate vitamin b riboflavin, enzymes, folic acid vitamin b",gluten,wheat
73,Chair de crabe,https://world.openfoodfacts.org/product/3329150430015,"chair de crabe crustace, eau, sucre, sel, arome naturel, stabilisant  carbonate de sodium, acidifiant  acide citrique, antioxydant  disulfite de sodium",crustaceans,shellfish
74,Rillettes au crabe,https://world.openfoodfacts.org/product/3596710453252,"colin dalaska poisson, chair de crabe  chair de crabe vert crustace , chair de crabe tourteau crustace , huile de colza , saumon poisson, fromage blanc  contient lait origine france , fibre de ble, amidon de mais, sel , sauce soja eau, graine de soja, ble, sel, poivre blanc  traces eventuelles de mollusques, œuf, fruits a coque, sulfites, celeri, graines de sesame et moutarde","crustaceans, fish, gluten, milk, soybeans","milk, wheat, soy, fish, shellfish"
75,Crab & Crayfish raviolo,https://world.openfoodfacts.org/product/5024271112007,"filling  crab and crayfish mix  crab meat crustacean, crayfish crustacean, salt, dill, surimi chunks  water, surimi fish meat, starch wheat, sunflower oil, sugar, salt, flavouring crustacean, egg white powder, colour paprika extract, salted butter butter milk, salt, breadcrumbs wheat flour wheat flour, calcium carbonate, iron, niacin, thiamin, yeast, salt, lemon juice , mayonnaise rapeseed oil, free range pasteurised whole egg and egg yolk, water, spirit vinegar, sugar, salt, lemon juice, flavouring, antioxidant calcium disodium edta, paprika extract, flat leaf parsley, coriander, chilli, lobster stock lobster infusion water, tapioca, lobster crustacean, salt, cornflour, salt, sugar, tomato paste, yeast extract, anchovy puree fish, sunflower oil, cod fish powder, lemon juice concentrate, garlic puree, salt, yeast pasta  durum wheat semolina, water, pasteurised free range egg  allergen advice for allergens including cereals containing gluten, see ingredients in bold may contain traces of soy, mustard and molluscs","crustaceans, eggs, fish, gluten, milk","milk, egg, wheat, fish, shellfish"
76,Panzerotti With A Mediterranean Style Pesto Filling,https://world.openfoodfacts.org/product/20570248,"past farce crevetes crustaces, ricota actoserum aitcame lait secomecteur dacidite acide citrique, lactoserum en poudre lait, pommes de tere enganules, chapelure farine debe sel, levure de biere, semoule de ble dur, fibres vegetales bambou pois plantain des indes, eau melange de legumesceleri, carote, oignon sel chairde crabe nustaces, huile de tounes arome, vin blanc sulfites  pates aux ceufs semoule de ble dur, eufeaussude poules elevees au sol peut contenir des traces de poisson, de fruits a coque et de saja","celery, crustaceans, gluten, milk, sulphur dioxide and sulphites","milk, wheat, shellfish"
77,Salade au long crabe,https://world.openfoodfacts.org/product/5400101056152,"dressing  huile de colza, eau, jaune doeuf, vinaigre, moutarde vinaigre, graines de moutarde, sel, curcuma, sel, sucre, extraits de plantes aromatiques et depices, stabilisants  ee, surimi  chair de poissons, eau, blanc doeuf deshydrate reconstitue, amidon de ble, huile de colza, proteines de soja, sucre, sel, arome naturel de crabe, colorant  ec, oeuf cuit dur oeuf, sel, acidifiants  eeeiii, crabe ,, crabe royal , crabe royal, sel, acidifiant  e, acidifiants  eei, vinaigre, dextrose, sel, arome naturel moules, crevettes, poissons, algues marines, extrait de levure, acidifiant  e, jus de citron, sauce poisson anchois, sel, sucre, sirop de glucosefructose, sauce huitre huitre, eau, sucre, sel, amidon de mais, conservateur  e, crabe en poudre ,, crevettes grises en poudre, conservateur  e peut contenir des traces de celeri, graines de sesame et lait","crustaceans, eggs, fish, gluten, molluscs, mustard, soybeans","egg, wheat, soy, fish, shellfish"
78,Seafood Sticks,https://world.openfoodfacts.org/product/00347266,"water, surimi  alaska pollock fish andor pacific hake fish, sugar, potato starch, sugar, wheat starch, rapeseed oil, salt, dried free range egg white, flavouring contains crustaceans, lycopene, dried free range egg","crustaceans, eggs, fish, gluten","egg, wheat, fish, shellfish"
79,Crab Classic Imitation Crab Flake Style,https://world.openfoodfacts.org/product/0715166138145,"alaska pollock msc certified, water, egg whites, corn starch, sugar, sorbitol, contains  or less of king crab meat, natural and artificial flavor extracts of blue crab, snow crab, lobster, and alaska pollock, refined fish oil anchovy, sardine, rice wine water, rice, koji, modified tapioca starch, sea salt, carrageenan, yam flour, potassium chloride, disodium inosinate, sodium pyrophosphate, soy lecithin, carmine, paprika, color added","crustaceans, eggs, fish, soybeans","egg, soy, fish, shellfish"
80,Crab salad,https://world.openfoodfacts.org/product/0026971353204,"imitation crab, water, wheat starch, sugar, sorbitol, contains  or less of mirin, natural and artificial crab flavor, egg whites, modified corn starch, sodium tripolyphosphate, tetrasodium pyrophosphate, soy protein isolate, carrageenan, sodium acid pyrophosphate, color added, soy sauce, sour cream, cultured cream, skim milk, whey, food starchmodified, gelatin, salt, sodium citrate, citric acid, lactic acid, potassium sorbate, sodium benzoate, mustard, distilled vinegar, lemon juice concentrate, horseradish, soybean oil, egg yolks, high fructose corn syrup, corn syrup, water, salt, xanthan gum, calcium disodium edta, paprika, spices, phosphoric acid, polysorbate , lemon oil, garlic powder, onion powder, paprika extract","eggs, gelatin, gluten, milk, mustard, soybeans","milk, egg, wheat, soy"
81,"Blue crab soup, spicy maryland",https://world.openfoodfacts.org/product/0727839528160,"double filtered water, tomato paste, blue crab, mixed vegetables carrots, corn, green beans, peas, lima beans, salt, diced tomatoes, worcestershire sauce distilled white vinegar, molasses, water, sugar, onions, anchovies, salt, garlic, cloves, tamarind extract, natural flavorings, chili pepper extract, sherry wine, lemon juice, a special blend of herbs  spices, aged cayenne peppers, sea salt, celery seed, black pepper, natural gum","celery, fish",fish
82,Rillettes de Crabe,https://world.openfoodfacts.org/product/3234750022037,"chairs de crabe et de tourteau , creme fraiche, filets de poissons blancs, oignons, epaississant  carraghenane, proteine de lait, sel, poivre peut contenir des traces de gluten, mollusques et œufs","crustaceans, fish, milk, mustard, sulphur dioxide and sulphites","milk, fish, shellfish"
83,Miettes de crabe,https://world.openfoodfacts.org/product/3329150370304,"crabe crustace dont chair  et pattes  minimum, eau, sucre, sel, arome naturel, acidifiant  acide citrique, antioxydant disulfite de sodium bien egoutter avant utilisation",crustaceans,shellfish
84,"Three crabs, fish sauce",https://world.openfoodfacts.org/product/7935737788880,"anchovy extract, salt, water, fructose  hydrolysed vegetable protein",fish,fish
85,Fifty Fifty Crab,https://world.openfoodfacts.org/product/5060212470034," white crab meat crustacean,  brown crab meat crustacean",crustaceans,shellfish
86,Nissin Cup Noodles Black Pepper Crab Flavour,https://world.openfoodfacts.org/product/8888279640019,"wheat flour, palm oil antioxidants b, , sugar, flavour enhancers , , tapioca starch, seasoning oil palm oil, sesame oil, crab flavouring, dehydrated egg, salt, hydrolysed plant protein soya, dehydrated crab flavoured stick fish, spices pepper, garlic, thickener , dehydrated vegetables spring onion, coriander leaves, creamer glucose, palm fat, sodium caseinate, black pepper seeds, flavouring powder crab flavouring, yeast extract, colours a, c, a, , chicken extract chicken, chicken flavouring, acidity regulators , , , , , , , , soya sauce soya, wheat, stabilisers , , , , emulsitier anticaking agent  this product contains wheat, crustacean, egg, fish, soya, milk, sesame","crustaceans, eggs, fish, gluten, milk, sesame seeds, soybeans","milk, egg, wheat, soy, fish, shellfish, sesame"
87,Premium maryland-style crab cakes,https://world.openfoodfacts.org/product/0041415409453,"crab meat pasteurized crab, sodium acid phosphate, mayonnaise vegetable oil soybean, canola, egg yolk, water, corn syrup, vinegar, contains less than  of salt, spices, calcium disodium edta to protect flavor, panko bread crumbs bleached wheat flour, dextrose, yeast, and salt, eggs whole eggs, citric acid, water, green onion, worcestershire sauce distilled white vinegar, molasses, sugar, water, salt, onion, anchovies, garlic, cloves, tamarind extract, natural flavorings, chili pepper extract, lemon juice lemon juice and natural flavors, dijon mustard water, vinegar, mustard seed, salt, white wine, fruit pectin, citric acid, tartaric acid, sugar, spice, sugar, seafood seasoning blend salt, spices, paprika, kosher salt, red pepper","crustaceans, eggs, fish, gluten, mustard, soybeans","egg, wheat, soy, fish, shellfish"
88,Classic breadsticks,https://world.openfoodfacts.org/product/0779921228502,"farine de ble enrichie, huile dolive extra vierge, sel, levure fraiche, farine de ble malte contient  ble peut contenir  lait, soya, graines de sesame, moutarde","gluten, mustard, sesame seeds","wheat, sesame"
89,SURIMI FLAKE STICKS SABOR CANGREJO,https://world.openfoodfacts.org/product/0720182014410,"fish protein alaskan pollock andor whiting, water, wheat starch, egg white solution water, egg white powder, sugar, potato starch, sorbitol contains less than  of the following salt, natural al artificial flavors hydrolyzed soy protein, crab extract, sodium tripolyphosphate, tetrasodium pyrophosphate, carmine natural and artificial color  coulains fish alaskan pollock andor whiting, wheat, soy crustacean shellfish blue crab, eggs infoaquamar,net ga, ca  product of usa ndard for su","crustaceans, eggs, fish, gluten, soybeans","egg, wheat, soy, fish, shellfish"
90,Breaded crab claws from surimi,https://world.openfoodfacts.org/product/4770190036900,"apa, surimi  carne de peste, stabilizatori e, e, e, e, zahar, pesmet faina de grau, sare, condimente extract de paprika, drojdie, amidon contine grau, cleste crab, amestec de aluat faina de grau, amidon de grau modificat, amidon de grau, amidon de cartofi, sare, albus de ou, proteina din soia, ulei de rapita, zahar, sare, amidon modificat, aromatizant contine crustacee si potentiator de gust e, umectant sorbitol, potentiator de gust glutamat de monosodiu, colorant extract de paprika","crustaceans, eggs, gluten, soybeans","egg, wheat, soy, shellfish"
91,Filets de maquereaux - moutarde,https://world.openfoodfacts.org/product/3165957058010,"filet de maquereaux , eau, moutarde de dijon   eau, graines de moutarde, vinaigre dalcool, sel, acidifiant  acide citrique, antioxydant  bisulfite de sodium ou de potassium, vinaigre dalcool, huile de tournesol, sel, amidon transforme de mais, epaississants  gomme guar et gomme xanthane, poivre noir, aromes, colorant  extrait de paprika","fish, mustard",fish
92,Cod Fish Fingers,https://world.openfoodfacts.org/product/5000116111947,"cod  fish, breadcrumb coating wheat flour, water, potato starch, salt, paprika, yeast, turmeric, rapeseed oil","fish, gluten","wheat, fish"
93,Delfy,https://world.openfoodfacts.org/product/6111263000202,"maquereaux, huile de soya, sel","fish, soybeans","soy, fish"
94,Thunfisch,https://world.openfoodfacts.org/product/4056489254683,"skipjack tuna, water, table salt,",fish,fish
95,Croustibat,https://world.openfoodfacts.org/product/3599741006305,"colin dalaska , chapelure  farine de ble , huile de colza, sel, epices, levure, eau, huiles vegetales colza, coprah, farine de ble ,, amidon de ble, sel, poivre blanc, arome naturel","fish, gluten","wheat, fish"
96,Salade & Compagnie - Antibes,https://world.openfoodfacts.org/product/3242274002053,"mixed salad topped with  rice,  raw vegetables,  egg,  tuna and  olive, accompanied by a vinaigrette sauce with  balsamic vinegar, a cookie with  chocolate chips and breadsticks, mixed salad  cooked rice  water, rice, salt, egg, salad , tomatoes , sweet corn, tuna, soybeans, olives, roasted peppers, lemon juice, vegetable oils rapeseed, sunflower, water, ferments, glucose syrup, salt, natural flavors, aromatic plants, balsamic dressing sauce  rapeseed oil, virgin olive oil, wine vinegar sulphites, grape must, salt, lemon biscuit  wheat flour, concentrated butter, egg, lemon zest and puree, rapeseed oil, sugar, wheat starch, baking powders e, sodium carbonates, natural flavors, salt, poppy seeds, breadsticks  wheat flour, water, virgin olive oil, rosemary, bakers yeast, salt, poppy seeds, durum wheat semolina, sugar,","eggs, fish, gluten, milk, mustard, soybeans, sulphur dioxide and sulphites","milk, egg, wheat, soy, fish"
97,10 Fish Fingers Omega 3,https://world.openfoodfacts.org/product/5000116111978,"alaska pollock fish , breadcrumb coating, rapeseed oil breadcrumb coating wheat flour, water, potato starch, salt, paprika, yeast, turmeric","fish, gluten","wheat, fish"
98,Maquereau MARSA,https://world.openfoodfacts.org/product/0769503575261,"filets de maquereaux, huile vegetale, sel",fish,fish
99,Colin d'Alaska MSC facon Fish & Chips,https://world.openfoodfacts.org/product/3599741003380,"alaskan colin , wheat flour wheat, calcium carbonate, iron, niacin, thiamine, water, rapeseed oil, wheat starch, salt, rice flour, corn flour, mustard, natural flavors including mustard, dextrose, baking powders diphosphates, sodium bicarbonate, garlic powder, wheat gluten, paprika, spice extract","fish, gluten, mustard","wheat, fish"
100,Breaded Omega 3 Fish Fingers,https://world.openfoodfacts.org/product/4088600253961,"alaska pollock theragra chalcogramma fish , wheat flour wheat flour, calcium carbonate, iron, niacin, thiamin, rapeseed oil, potato starch, wheat starch, salt, spices paprika, turmeric, yeast","fish, gluten","wheat, fish"
101,Foie de Morue nature au sel de Guerande 121g Cble,https://world.openfoodfacts.org/product/3263670923414,"foie de morue huile exsudee, sel de guerande ,",fish,fish
102,Filets de maquereaux aux vin blanc et aux aromates,https://world.openfoodfacts.org/product/20043384," filets de maquereaux poissons, eau, vinaigre dalcool, , cornichons cornichons, vinaigre dalcool, sel,  carottes, vinaigre de vin blanc,  vin blanc,  oignons,  poivrons rouges, sel, persil, arome naturel de girofle peut contenir des traces de moutarde et de celeri",fish,fish
103,St Jacques fondue leeks Basmati rice,https://world.openfoodfacts.org/product/3248832967611,"cooked rice  water, basmati rice, rapeseed oil, salt, scallop  a  zygochlamys patagonica from argentina  b  russian chlamys albidus  c  argopecten purpuratus from peru  d  chlamys opercularis scotland  ireland, fresh cream , water, leeks , vermouth, wheat flour, shallots , butter , rapeseed oil, white wine , salt, garlic, concentrated lemon juice, pepper  to know the origin and the species, refer to the lot number","gluten, milk, molluscs","milk, shellfish, wheat"
104,Paneerattu kalapuikko alaskanseitifileesta,https://world.openfoodfacts.org/product/20155087," alaska seaiachsfiiet , wheat flour , sunflower oil, potato starch, water, table salt, yeast, spices white pepper, pepper","fish, gluten","fish, wheat"
105,Fish sauce imp,https://world.openfoodfacts.org/product/5010338404383,"anchovy extract  fish, salt, sugar, water",fish,fish
106,Battered Chunky Fish Fingers,https://world.openfoodfacts.org/product/5060235980510,"flour wheat flour, calcium, iron, niacin, thiamine, water, wholemeal wheat flour, barley flour, organic wholemeal emmer wheat flour, spelt flour wheat, sea salt no artificial preservatives  no added sugar n ene fat","fish, gluten","fish, wheat"
107,Rainbow Salmon Poke,https://world.openfoodfacts.org/product/5035272937469,"cooked rice water, rice, sugar, spirit vinegar, rice vinegar, salt, rapeseed oil, fructoseglucose syrup, cane molasses, salmon salmo salar fish , soy sesame dressing  water, soy sauce water, soya beans, wheat, salt, alcohol, sugar, rice vinegar, sesame seed oil, modified maize starch, onion puree, spirit vinegar, apple juice concentrate, ginger puree, lemon juice concentrate, lime juice concentrate, garlic powder, white pepper, edamame beans  soya, pickled red cabbage  red cabbage, rice vinegar, sugar, salt, grilled yellow pepper , crispy onions  onion, palm oil, wheat flour, salt","fish, gluten, sesame seeds, soybeans","fish, sesame, soy, wheat"
108,Mackrel Fillets in spicy tomato sauce,https://world.openfoodfacts.org/product/20183059," mackerel fillets fish, water,  tomato puree, sugar, spirit vinegar, spices chilli, star anise, nutmeg, cinnamon, paprika, coriander, fenugreek, cumin, turmeric, garlic, pepper, fennel, clove, caraway, ginger, allspice, bitter orange peel, salt",fish,fish
109,Batonnets de surimi,https://world.openfoodfacts.org/product/3250390859963,"chair de poisson , eau, amidons dont ble, blanc doeuf rehydrate, sucre, huile de colza, sel, fibres de ble, arome naturel dont poisson, crustaces, colorant extrait de paprika traces eventuelles de lait","crustaceans, eggs, fish, gluten, milk, molluscs, mustard, soybeans","egg, fish, milk, shellfish, soy, wheat"
110,Mackerel fillets,https://world.openfoodfacts.org/product/4056489350804," mackerel fillets fish, water,  tomato puree, salt",fish,fish
111,Notenmix Melange de Noix ongebrand - non grille,https://world.openfoodfacts.org/product/20047238," walnusskerne,  haselnusskerne,  cashewkerne,  blanchierte mandeln",nuts,tree nut
112,Cruesli - Mixed Nuts,https://world.openfoodfacts.org/product/3168930010265,"whole oats , whole wheat , glucose syrup, sunflower oil, sugar, toasted almonds , , hazelnuts , oligofructose, pecans , , wheat flour, rice flour, brazil nuts , honey, natural flavours, antioxidant tocopherol, may contain traces of milk, soy and sesame","gluten, nuts","tree nut, wheat"
113,Be Nuts ! - Pate a tartiner Cacahuete,https://world.openfoodfacts.org/product/3608580124047,"cacahuetes torrefiees , sucre, beurre de cacao, huile de tournesol, sel, extrait de vanille, emulsifiant  lecithine de tournesol peut contenir des fruits a coque et des graines de sesame",peanuts,peanut
114,Fruit & Nut Mix,https://world.openfoodfacts.org/product/20815394," walnuts,  whole almonds,  sultanas sultanas, sunflower oil,  dried sweetened cranberries cranberries, sugar, sunflower oil","nuts, sulphur dioxide and sulphites",tree nut
115,Almond Drink,https://world.openfoodfacts.org/product/4056489346357,"water, , almonds, maltodextrins, sea salt, stabilizers carob seed flour, gellanic gum, emulsifier sunflower lecithin, natural aroma, from organic farming","gluten, nuts","tree nut, wheat"
116,Crunchy Peanut Butter,https://world.openfoodfacts.org/product/5013665108801,"roasted peanuts , sustainable palm oil, sea salt",peanuts,peanut
117,Protein Cacahuetes🥜 & Chocolat🍫,https://world.openfoodfacts.org/product/8410076610737,"roasted peanuts , chicory root extract, isolated soy protein, chocolate pieces  sugar, cocoa paste, emulsifier soy lecithin, sugar, vegetable fat palm, whey milk, sunflower oil, fructose, glucose syrup, peanut butter , lean cocoa powder, tapioca starch, humectant glycerol, salt, emulsifiers sunflower and soybean lecithins, natural aromas, maltodextrin allergens see ingredients in bold, may contain nuts and sunflower seeds, cocoa butter contains  servings","milk, peanuts, soybeans","milk, peanut, soy"
118,Lait D’Amande,https://world.openfoodfacts.org/product/3229820787015,"almond milk water, almonds , rice starch, natural almond flavour, sea salt, stabilisers guar gum, xanthan gum",nuts,tree nut
119,simply nutty muesli,https://world.openfoodfacts.org/product/5018357012497,"wholegrain oat flakes, chopped dates, barley flakes, wholegrain wheat flakes, chopped roasted hazelnuts, whole almonds, chopped brazil nuts, sunflower seeds","gluten, nuts","tree nut, wheat"
120,Protein Cocoa Hazelnut Bars,https://world.openfoodfacts.org/product/5060088700112,"dates , peanuts , chicory fibre , peanut flour , hazelnuts , fatreduced cocoa powder ","cacahuetes, noisettes, nuts, peanuts","peanut, tree nut"
121,Be Nuts! Pate a tartiner Cacahuete,https://world.openfoodfacts.org/product/3608580124108,"roasted peanuts , sugar, cocoa butter, sunflower oil, salt, vanilla extract, emulsifier sunflower lecithin, may contain nuts and sesame seeds,",peanuts,peanut
122,Low Sugar Nuts & Seeds Granola imp,https://world.openfoodfacts.org/product/5060043224561,"wholegrain oat flakes , nuts  cashew nut pieces, hazelnut pieces, walnut pieces, almond pieces, rapeseed oil, seeds  sunflower, pumpkin, desiccated coconut, fructose, black treacle toasted wholegrain oat, nut and seed granola",nuts,tree nut
123,Beurre de cacahuetes,https://world.openfoodfacts.org/product/5013665115571,"cacahuetes grillees arachides , sel marin",peanuts,peanut
124,Cocoa Orange Fruit & Nut Bars,https://world.openfoodfacts.org/product/5060088701478,"dates , cashews , raisins , cocoa , orange oil, natural flavouring",nuts,tree nut
125,Crunchy Peanut Butter,https://world.openfoodfacts.org/product/5060367181311,"peanuts , sea salt",peanuts,peanut
126,Smooth Peanut butter,https://world.openfoodfacts.org/product/5013665109389,"roasted peanuts , sustainable palm oil, sea salt",peanuts,peanut
127,"Sweet & Salty Nut chocolat noir et melange de noix, 5 barres de 30 g",https://world.openfoodfacts.org/product/8410076610621,"roasted peanuts , whole oats , sugar, chicory root extract, glucose syrup, wheat flour, vegetable fat palm, shea, maltodextrin, cocoa paste, almond pieces , fructose, lean cocoa powder, rice flour, sunflower oil, lactose milk, peanut butter, humectant glycerol, salt, emulsifiers sunflower and soy lecithin, dextrose, natural flavors, wheat germ, cocoa butter, antioxidant, rich tocopherol extract, honey,","gluten, milk, nuts, peanuts, soybeans","milk, peanut, soy, tree nut, wheat"
128,Crunchy peanut butter,https://world.openfoodfacts.org/product/5060367180758,"peanuts , sea salt",peanuts,peanut
129,Crunchy Organic Peanut Butter,https://world.openfoodfacts.org/product/5013665108320,"roasted organic peanuts , organic sustainable palm oil, sea salt",peanuts,peanut
130,Blueberry Muffin raw fruit & nut bar,https://world.openfoodfacts.org/product/5060088705940,"dates , cashews , raisins , almonds , blueberries , natural flavouring",nuts,tree nut
131,Ghilal Yaourt zr3,https://world.openfoodfacts.org/product/6111242102002,"ingrelents  lait entier enrichi en creme, sucre, poudre de lait ecreme, texturant  amidon, preparation de cereales, fibres, aromes, ferments ladiques et colorant naturel matiere grasse  ,  poids net   g",milk,milk
132,Kefir Natural Fermented Yogurt,https://world.openfoodfacts.org/product/5036589252450,"organic milk, fermented with live kefir cultures",milk,milk
133,5% Greek Yogurt,https://world.openfoodfacts.org/product/5201054017432,"pasteurised skimmed milk, cream milk, live active yoghurt cultures l bulgaricus, s thermophilus, l acidophilus, bifidus, l casei no palm oil",milk,milk
134,Yogurt Greek Style,https://world.openfoodfacts.org/product/20047559,"cream, skimmed milk retentate, microbial cultures,",milk,milk
135,Fage Total 0% Yogurt,https://world.openfoodfacts.org/product/5201054017418,"pasteurised skimmed milk, cultures l bulgaricus, s thermophilus, lacidophilus, bifidus, l casei",milk,milk
136,Organic Natural Yoghurt,https://world.openfoodfacts.org/product/5036589255598,"organic milk, bifidobacterium live culture",milk,milk
137,double zero Cerise,https://world.openfoodfacts.org/product/6111032010135,"lait ecreme, lait ecreme en poudre, preparations de fruits, epaississant amidon, lactoserum, aromes, colorants naturels toucylate et carmin, edulcorant stevia, cultures lactiques pour yaourt contient naturellement  de sucres fabrique dans une ligne pouvant contenir des amandes et du gluten","gluten, milk","milk, wheat"
138,Activia Cereales,https://world.openfoodfacts.org/product/6111032002208,"creamfree milk, dairy product mixes, cereal preparations, cream, sugar, creamfree powdered milk, modified starch, flavourings, helba yeast, for yoghurt, bifid and bacteria, contains gluten and is manufactured in a line that may contain almonds, net weight  g","gluten, milk","milk, wheat"
139,Mango ohne Zuckerzusatz,https://world.openfoodfacts.org/product/5411188125808,"wasser, mangomischung , frucht ,, saftkonzentrat ,, geschalte sojabohnen ,, calcium tricalciumcitrat, stabilisator pektine saureregulatoren natriumcitrate, citronensaure, naturliches aroma, modifizierte starke, meersalz, antioxidationsmittel stark tocopherolhaltige extrakte, fettsaureester der ascorbinsaure, farbendes karotten  und kurbiskonzentrat, vitamine b, b, d, joghurtkulturen s thermophilus, l bulgaricus",soybeans,soy
140,5% Greek Yoghurt,https://world.openfoodfacts.org/product/5201054017531,"pasteurised skimmed milk, cream milk, live active yoghurt cultures l bulgaricus, s thermophilus, l acidophilus, bifidus, l casei",milk,milk
141,Fage,https://world.openfoodfacts.org/product/5201054017517,"pasteurised skimmed milk , live active yoghurt cultures l bulgarians, s thermophilus, l acidophilus, bifidus, l casei",milk,milk
142,Dessert gourmand choco,https://world.openfoodfacts.org/product/6111242102552,"lait entier, creme, sucre, epaississant amidon, carraghenane, caramel, arome, colorant naturel matiere grasse ",milk,milk
143,Kefir Natural Sabor Suave,https://world.openfoodfacts.org/product/8436547770137,"milk, cream, skimmed milk powder and ferments",milk,milk
144,Greek style natural yogurt,https://world.openfoodfacts.org/product/01206111,greek style natural yogurt cows milk  allergy advice,milk,milk
145,Ghilal,https://world.openfoodfacts.org/product/6111242101982,"lait frais, creme, sucre, poudre de lait ecreme, texturants amidon, preparation de pulpe de fruits, aromes, ferments lactiques et colorant naturel",milk,milk
146,Greek Style Natural Yogurt,https://world.openfoodfacts.org/product/00277679,"our  greek style natural yogurt cows milk allerqu advice for allerqens, see in hold ",milk,milk
147,Yogur griego natural,https://world.openfoodfacts.org/product/8480000205599,"leche entera, nata, leche en polvo desnatada, fermentos lacteos,",milk,milk
148,Kefir yogurt,https://world.openfoodfacts.org/product/5060337222143,"pasteurised cows milk, live kefir and yogurt cultures bifidobacterium, streptococcus thermophilus, lactobacillus bulgaricus, lactobacillus acidophilus",milk,milk
149,Actimel,https://world.openfoodfacts.org/product/6111032009146,"lait ecreme, poudre de lait ecreme, sucre, lactose alimentaire, creme, beurre, epaississant amidon, aromes, ferments lactiques lactobacillus casei, ferments lactiques du yaourt, mineraux fer et zinc, vitamines b et d mg ,",milk,milk
150,Plant soya pot plain,https://world.openfoodfacts.org/product/4056489466598,"water,  soya beans, modified maize starch, potato starch, sea salt, natural flavouring",soybeans,soy
151,tonik,https://world.openfoodfacts.org/product/6111031005064,"coffret fourre au cacao , et a la vanille   ingredients farine de ble, sucre, huile vegetale non hydrogenee huile de palme, filtrat de lait, poudre de cacao emulsifiant a faible teneur en cacao  lecithine de soja agent levant  sucre artificiel vanilline sel contient du lait, du ble gluten du soja","gluten, milk, soybeans","wheat, milk, soy"
152,50/50 Medium Bread,https://world.openfoodfacts.org/product/5010092093441,"wheat flour  with calcium, iron, niacin b, thiamin b, wholemeal wheat flour , water, yeast, salt, vegetable oils rapeseed, sustainable palm, vinegar, sustainable soya flour, emulsifier ee, preservative calcium propionate, flour treatment agent ascorbic acid vitamin c","gluten, soybeans","wheat, soy"
153,Harrys beau & bon pain de mie farine de ble cereales & graines 320g,https://world.openfoodfacts.org/product/3228857001194,"farines de cereales , ble ,, avoine ,, riz, seigle, orge ,, seigle malte, orge malte ,, eau, graines , tournesol ,, soja, lin, millet, avoine ,, mais, orge ,, sesame, gluten de ble, huile de colza, levure, arome contient alcool, sel, vinaigre, extrait dacerola peut contenir des traces de lait, oeufs, fruits a coque","gluten, sesame seeds, soybeans","wheat, sesame, soy"
154,White Sourdough Loaf,https://world.openfoodfacts.org/product/4088600065991,"wheat flour wheat flour, calcium carbonate, iron, niacin, thiamin, water, rye flour, salt, fermented wheat flour",gluten,wheat
155,Wholemeal Pittas,https://world.openfoodfacts.org/product/00234931,"wholemeal wheat flour, water, yeast, spirit vinegar salt, fortified wheat flour wheat flour, calcium carbonate, iron, niacin, thiamin, preservative calcium propionate, wheat starch",gluten,wheat
156,Everyday Tiger Rolls with Sourdough,https://world.openfoodfacts.org/product/5025125000174,"wheat flour wheat flour, calcium carbonate, iron, niacin, thiamin, water, rye flour, fermented wheat flour, salt, rice flour, yeast, dextrose, flour treatment agent lcysteine, ascorbic acid, rapeseed oil, malted barley flour, raising agents sodium carbonates, ammonium carbonates",gluten,wheat
157,Malted Bloomer,https://world.openfoodfacts.org/product/4088600184197,"wheat flour wheat flour, calcium carbonate, niacin, iron, thiamin, water, kibbled malted wheat , rye flour, yeast, rapeseed oil, salt, wheat bran, wheat semolina, malted barley flour, preservative calcium propionate, flour treatment agent ascorbic acid",gluten,wheat
158,Wheat flour sourdough bread,https://world.openfoodfacts.org/product/01134742,"fortified british wheat flour wheat flour, calcium carbonate, niacin, iron, thiamin, water, rye flour, salt, wholemeal wheat flour, malted wheat flour wheat gluten",gluten,wheat
159,Classic Medium Sliced Wholemeal Bread,https://world.openfoodfacts.org/product/5010092736614,"wholemeal wheat flour, water, wheat protein, yeast, fermented wheat flour, salt, oat bran, malted barley flour, vinegar, molasses sugar, sustainable soya flour, vegetable oils rapeseed, sustainable palm, flour treatment agent ascorbic acid vitamin c",gluten,wheat
160,Best of Both Bread,https://world.openfoodfacts.org/product/5010003052949,"water, wheat flour with added calcium, iron, niacin, thiamin , wholemeal flour wheat , yeast, calcium sulphate, salt, wheat protein, soya flour, preservative e, emulsifiers ee, e, e rapeseed, flour treatment agent ascorbic acid","gluten, soybeans","wheat, soy"
161,TORTILLA WRAPS WHOLEMEAL,https://world.openfoodfacts.org/product/4088600111209,"wholemeal wheat flour, water, palm oil, humectant glycerol, sugar, raising agents diphosphates, sodium carbonates, wheat flour wheat flour, calcium carbonate, iron, niacin, thiamin, emulsifier mono  and diglycerides of fatty acids, acidity regulator citric acid, preservatives potassium sorbate, calcium propionate, salt, wheat starch, flour treatment agent lcysteine",gluten,wheat
162,Original,https://world.openfoodfacts.org/product/7300400118101,"wholemeal rye flour, rye flour, yeast, salt may contain traces of milk and sesame seeds",gluten,wheat
163,8 Flour Tortilla Wraps Regular,https://world.openfoodfacts.org/product/0046000283265,"wheat flour, water, stabiliser glycerol, sunflower oil, emulsifier mono  and diglycerides of fatty acids, dextrose, raising agents sodium bicarbonate, diphosphates, salt",gluten,wheat
164,Plain Tortilla Wraps,https://world.openfoodfacts.org/product/4056489239642,"wheat flour  wheat flour, calcium carbonate, iron, niacine, thiamine, water, palm oil, sugar, raising agents diphosphates, sodium carbonates, humectant glycerol, acidity regulator citric acid, emulsifier mono  and diglycerides of fatty acids, preservatives potassium sorbate, calcium propionate, salt, flour treatment agent lcysteine,",gluten,wheat
165,Allinsons Bread Flour,https://world.openfoodfacts.org/product/5010067371130,"wheat flour wheat flour, calcium carbonate, iron, niacin, thiamin, flour treatment agents alphaamylase, hemicellulase",gluten,wheat
166,8 Wholemeal Tortilla Wraps,https://world.openfoodfacts.org/product/01808414,"wholemeal british wheat flour , water, wheat bran, palm oil, humectant glycerol, raising agents disodium diphosphate, sodium hydrogen carbonate, sugar, acidity regulator citric acid, emulsifier mono  and diglycerides of fatty acids, salt, preservative calcium propionate, wheat starch, flour treatment agent lcysteine",gluten,wheat
167,Farine de ble complete - T150,https://world.openfoodfacts.org/product/3068111301246,"type  wholemeal wheat flour,",gluten,wheat
168,6 Wholemeal Pittas,https://world.openfoodfacts.org/product/5054070479155,"wholemeal wheat flour, water, yeast, spirit vinegar, salt, preservative calcium propionate, wheat starch",gluten,wheat
169,Lime & Coriander Chutney Poppadoms,https://world.openfoodfacts.org/product/5000328428581,"sunflower oil , potato granules , potato starch , gram flour , rice flour, lime , coriander chutney seasoning flavouring, sugar, dried garlic, dried onion, acid citric acid, coriander, paprika, chilli powder, cumin, lime oil, barley malt extract, salt",gluten,wheat
170,Super Soft Seeded Wraps,https://world.openfoodfacts.org/product/4088600111193,"wheat flour  wheat flour, calcium carbonate, iron, niacin, thiamin, water, wholemeal wheat flour, palm oil, mixed seeds , yellow linseed, brown linseed, poppy seeds, humectant glycerol, sugar, raising agents diphosphates, sodium carbonates, emulsifier mono  and diglycerides of fatty acids, acidity regulator citric acid, preservatives potassium sorbate, calcium propionate, salt, wheat starch, flour treatment agent lcysteine,",gluten,wheat
171,Sojasauce,https://world.openfoodfacts.org/product/8715035110106,"water, soybeans , wheat , salt,","gluten, soybeans","wheat, soy"
172,Premium Soy Sauce,https://world.openfoodfacts.org/product/0078895126396,"water, soybeans , salt, sugar, wheat flour","gluten, soybeans","wheat, soy"
173,Dark soy sauce,https://world.openfoodfacts.org/product/5000111044202,"water, soy sauce extract  , water, soybean , salt, wheat flour, sugar, salt, colour  plain caramel, acidity regulators  lactic acid, citric acid, preservative  potassium sorbate","gluten, soybeans","wheat, soy"
174,Premium dark soy sauce,https://world.openfoodfacts.org/product/0078895126389,"water, salt, colour plain caramel, sugar, defatted soybeans , wheat net  ml","gluten, soybeans","wheat, soy"
175,Light Soy Sauce,https://world.openfoodfacts.org/product/5000111044226,"soy sauce extract , water, soybean, salt, wheat flour, water sugar salt, colcur plain caramel, acidity regulators citric acid, lactic acid, preservative potassium sorbate, flavour enhancears e, e","gluten, soybeans","wheat, soy"
176,Soy Sauce,https://world.openfoodfacts.org/product/20521493,"water,  soybeans, wheat, salt","gluten, soybeans","wheat, soy"
177,Organic Tamari Soy Sauce,https://world.openfoodfacts.org/product/5014276308505,"soybeans , water, salt, alcoholquot, quot,organically produced",soybeans,soy
178,Dark Soy Sauce,https://world.openfoodfacts.org/product/4088600216638,"water sugar, salt, soy sauce extract  water, defated soy bean, salt, roasted wheat, colour ammonia caramel, acidity regulator lactic acid, preservative potassium sorbate,","gluten, soybeans","wheat, soy"
179,Light Soy Sauce,https://world.openfoodfacts.org/product/4056489518853," soy sauce extract water, soya beans, wheat flour, salt, water, salt, sugar, colour plain caramel, preservative potassium sorbate, sweetener acesulfame k","gluten, soybeans","wheat, soy"
180,Dark Soy Sauce,https://world.openfoodfacts.org/product/4056489518860,"water, soy bean , salt, colour ammonia caramel, wheat flour, sugar, potassium sorbate, xanthan gum, acesulfame","gluten, soybeans","wheat, soy"
181,Sauce soja,https://world.openfoodfacts.org/product/3229820762050,"water, lowfat soybeans , sea salt, alcohol, soybeans ,, contains wheat, barley,","gluten, soybeans","wheat, soy"
182,Chicken & Mushroom Flavour Pot Noodle,https://world.openfoodfacts.org/product/5000118203503,"oncentratet, acid citric acid sauce sachet  soy sauce water, soy sauce sorbeail wheat, barley, mushrooms , herbs chivest, sage, potato starch, mushro jie mk, sugar, skimmed milk powder, palm fat, salt, onion powder, yeastpowodr antais ingredients as sold pol noodle mix  dried noodles wheat flour contains calcium carbonal, on niacin, thiamin, sunflower oil, palm oil, salt, firming agents potassium carbonate, sodium cadorater, maltodextrin, wheat flour, sweetcorn, potassium chloride, flavour enhancers monosodium glutamate, disodium inosinate, disodium guanylate, flavouring aar lk, sugar, skimmed milk powder, palm fat salt, onion powdert, yeast powder lan ge jbehead, salt, molasses, sugar, acid acetic acid from sustainmbio rolory and mustard","gluten, milk, mustard, soybeans","milk, wheat, soy"
183,Dark Soy Sauce,https://world.openfoodfacts.org/product/5057008763104,"water, sugar, soya extract , salt, colour plain caramel, acidity regulator lactic acid, preservative potassium sorbate soya extract contains water, soya bean, salt, wheat flour, preservative potassium sorbate allergy advice for ct allergens, including cereals containing gluten, see ingredients in bold also, may contain peanuts, nuts and sesame seeds suitable for vegetarians","gluten, soybeans","wheat, soy"
184,Seitan en tranches,https://world.openfoodfacts.org/product/3259010108047,"eau, gluten de ble ,, concentre de tomate, farine de ble ,, sauce soja , eau, soja, ble, sel, ferments, vinaigre de cidre, miso dorge eau, soja, orge, sel, ferments, epices, sel de mer, extrait de levure, ail, plantes aromatiques ingredients issus de lagriculture biologique fabrique dans un atelier qui utilise lait, oeufs, fruits a coque, sesame et celeri","gluten, soybeans","wheat, soy"
185,Light soy sauce,https://world.openfoodfacts.org/product/4088600216645,"water, soy sauce extract  water, defatted soya bean,salt, roasted wheat, salt, sugar, colour ammonia caramel","gluten, soybeans","wheat, soy"
186,Pearl River Bridge Soy Sauce,https://world.openfoodfacts.org/product/6921180820025,"water, soybeans , salt, wheat flour, preservative e","gluten, soybeans","wheat, soy"
187,SAUCE YAKITORI,https://world.openfoodfacts.org/product/8715035360303,"soy sauce water, soybeans, wheat, salt, sugar, water, wine contains sulphur dioxide, alcohol vinegar, molasses, modified corn starch, spices, yeast extract,","gluten, soybeans, sulphur dioxide and sulphites","wheat, soy"
188,soja sucree,https://world.openfoodfacts.org/product/8715035250109,"islandallemagne, salt g soy ble eau sel jooa ne ,  and allemagne, the refrigerator nen  lakes, kikkoman nutritional value pero  ml pour j","soybeans, sulphur dioxide and sulphites",soy
189,Light Soy Sauce,https://world.openfoodfacts.org/product/5057008763128,"water, soya extract  water, soya bean, wheat flour, salt, salt, sugar, colour plain caramel, yeast extract powder, acidity regulator lactic acid, preservative potassium sorbate allergy advice for allergens, including cereals containing gluten, see ingredients in bold also may contain nuts, sesame seeds and peanuts suitable for vegetarians","gluten, soybeans","wheat, soy"
190,Soja,https://world.openfoodfacts.org/product/5000157073006,"viz, glukozfruktoz szirup, cukor, so, melasz, szojabab ,, eleszto kivonat, etkezesi sav tejsav, szinezek karamell, buzaliszt, fuszernoveny  es fuszer kivonatok","gluten, soybeans","wheat, soy"
191,Sourdough White Ciabattin,https://world.openfoodfacts.org/product/5025125000006,"wheat flour fortified with calcium carbonate, iron, niacin, thiamin, water, salt, fermented wheat flour",gluten,wheat
192,THE GREAT WHITE,https://world.openfoodfacts.org/product/5025125000112,"wheat flour wheat flour, calcium carbonate, iron, niacin, thiamin, water, rye flour, salt, fermented wheat",gluten,wheat
193,SLICED WHITE SOURDOUGH BREAD WITH GRAINS & SEEDS,https://world.openfoodfacts.org/product/5025125000037,"wheat flour wheat flour, calcium carbonate, iron, niacin, thiamin, water, mixed seeds golden linseeds, sunflower seeds , sprouted spelt wheat grains , salt, fermented wheat flour",gluten,wheat
194,Jasons Sourdough,https://world.openfoodfacts.org/product/5025125000129,"wheat flour wheat flour, calcium carbonate, iron, niacin, thiamin, water, wholemeal spelt wheat flour, sprouted spelt wheat grains , rye flour, salt, fermented wheat flour",gluten,wheat
195,Krisprolls complets sans sucres ajoutes,https://world.openfoodfacts.org/product/7311070032611,"whole wheat flour , wheat flour, vegetable oils fully hydrogenated rapeseed oil, barley malt, yeast, salt",gluten,wheat
196,nutella,https://world.openfoodfacts.org/product/4008400401621,"sugar, palm oil, hazelnuts , skimmed milk powder ,, fatreduced cocoa ,, emulsifier lecithins soya, vanillin","milk, nuts, soybeans","milk, tree nut, soy"
197,Pain De Mie Bio,https://world.openfoodfacts.org/product/3760049790214,"wheat flour, water, whole wheat flour , brown cane sugar, yeast, rapeseed oil, apple cider vinegar, wheat bran, salt, wheat gluten, ascorbic acid, possible traces of soy",gluten,wheat
198,Seed Sensations,https://world.openfoodfacts.org/product/5010003064744,"wheat flour calcium, iron, niacin, thiamin, water, seed mix  toasted brown linseed, toasted sunflower seeds, pumpkin seeds, sunflower seeds, millet seeds, golden linseed, poppy seeds, yeast, wheat protein, salt, soya flour, malted barley flour, granulated sugar, barley flour, preservative e, caramelised sugar, barley fibre, emulsifier ee, flour treatment agent ascorbic acid","gluten, soybeans","wheat, soy"
199,Bakery Co. 5 The Original Bagels,https://world.openfoodfacts.org/product/5020364010113,"wheat flour with added calcium carbonate, iron, niacin, thiamin, water, sugar, yeast, vinegar, salt, rapeseed oil, preservative calcium propionate, maize, sweet potato puree, malted barley flour, flour treatment agent ascorbic acid",gluten,wheat
200,Rye & Mixed Seed Sourdough Bread,https://world.openfoodfacts.org/product/5057967395088,"wheat flour wheat flour, calcium carbonate, iron, niacin, thiamin, water, wholemeal wheat flour, malted wheat flakes, rye flour, millet seed , golden linseed , sunflower seed , rapeseed oil, fermented wheat flour, salt, poppy seeds , molasses, malted wheat flour, flour treatment agent ascorbic acid, rice flour",gluten,wheat
